"plot.id","cluster","plot","count.ha","ba.ha","agb.ha","bgb.ha","agc.ha","bgc.ha","v.ha","dbh.mean","dbh.qdr.mean","h.mean","h.loreys","count.ha.sdt","ba.ha.sdt","agb.ha.sdt","bgb.ha.sdt","agc.ha.sdt","bgc.ha.sdt","v.ha.sdt","count.ha.ddw","agb.ha.ddw","v.ha.ddw","agc.ha.ddw","c.can"
101,1,1,120,2.7745603838709,8.56522228016772,2.35543612704612,4.02565447167883,1.10705497971168,7.44962009012447,16.6833333333333,18.562053172096,6.23166666666667,6.39279317685157,0,0,0,0,0,0,0,0,0,0,0,18.5040766171735
102,1,2,20,1.51797044632478,7.10559955096356,1.95403987651498,3.33963178895287,0.91839874196204,6.2452479212417,30.9,31.6392696379234,9.35,9.7957361052185,0,0,0,0,0,0,0,0,0,0,0,12.2955387209513
103,1,3,240,2.02186619999732,5.72759203515968,1.57508780966891,2.69196825652505,0.740291270544389,4.97908070183184,8.58333333333333,16.9922286273657,3.88208333333333,5.86337219149134,0,0,0,0,0,0,0,100,0.140302587877846,2.77500806082403,0.0659422163025877,20.1688162134921
104,1,4,20,2.20225645016645,11.6027590772676,3.19075874624859,5.45329676631578,1.49965661073684,10.3128793119061,37.4,37.5728616262482,10.9,11.1496890156919,0,0,0,0,0,0,0,0,0,0,0,10.6874911139374
105,1,5,30,2.3879481379385,10.386064217413,2.85616765978858,4.88145018218412,1.34239880010063,9.12072595295924,31.5,32.8441256664353,8.8,9.09400578207688,0,0,0,0,0,0,0,0,0,0,0,13.0065396966501
106,1,6,40,3.36243090917389,15.4863420554575,4.25874406525081,7.27858076606502,2.00160971066788,13.9008971117697,32.2,34.3542887708529,9.1625,9.84328748148875,0,0,0,0,0,0,0,0,0,0,0,22.1733799147723
107,1,7,40,3.28498279628127,13.2014443156929,3.63039718681555,6.20467882837567,1.70628667780331,11.5590845170154,32.275,32.5206595466424,8.385,8.37801337455201,0,0,0,0,0,0,0,0,0,0,0,15.7856323709654
108,1,8,240,7.53553409464335,21.5321516845298,5.92134171324569,10.120111291729,2.78303060522547,21.4899726631498,17.7625,25.8492936607696,5.58333333333333,6.79004313911871,0,0,0,0,0,0,0,0,0,0,0,38.3418910758363
109,1,9,10,0.59828490494964,2.68303082814332,0.737833477739414,1.26102448922736,0.346781734537524,2.33690083873329,27.6,27.6,9.3,9.3,0,0,0,0,0,0,0,0,0,0,0,3.99027583145604
110,1,10,20,1.3030069690029,5.85442585037725,1.60996710885374,2.75158014967731,0.756684541161259,5.11651516553787,28.6,29.3971260487993,9.15,9.34928151219983,0,0,0,0,0,0,0,0,0,0,0,7.45222083398333
201,2,1,640,4.99853309325528,14.9365889242459,4.10756195416762,7.02019679439557,1.93055411845878,13.0786595349296,9.3359375,12.7001844656075,5.8809375,6.22976080750055,0,0,0,0,0,0,0,0,0,0,0,31.2925133490291
202,2,2,155,1.3991750471201,2.68483757442447,0.73833033296673,1.2618736599795,0.347015256494363,3.14977536519585,8.25483870967742,24.1393306707606,3.50064516129032,5.35991916855881,0,0,0,0,0,0,0,0,0,0,0,10.391086982277
203,2,3,850,5.74429221134606,18.3120055020096,5.03580151305263,8.60664258594449,2.36682671113474,16.6068713176813,7.79176470588235,17.1654354882374,4.80129411764706,6.88338412274777,0,0,0,0,0,0,0,0,0,0,0,39.8788183891369
204,2,4,785,7.41428825316887,26.4301710410013,7.26829703627536,12.4221803892706,3.41609960704942,22.2405998581281,9.43630573248408,16.3750323749638,6.55949044585987,7.14212981446829,0,0,0,0,0,0,0,0,0,0,0,47.0890296907826
205,2,5,1000,7.98874810483185,30.5172243822944,8.39223670513097,14.3430954596784,3.94435125141156,25.4300062638526,9.369,13.2956201537813,7.1938,7.5791141699577,0,0,0,0,0,0,0,50,0.0440242842785647,0.679180915779577,0.0206914136109254,38.4137024614457
206,2,6,610,8.6169959497151,35.7859445309401,9.84113474600852,16.8193939295418,4.625333330624,28.8793657596052,10.6491803278689,24.2401108326118,5.94704918032787,7.97962480973431,0,0,0,0,0,0,0,0,0,0,0,51.7296144594535
207,2,7,585,4.88571850106487,18.812193607326,5.17335324201466,8.84173099544323,2.43147602374689,15.3053723822672,9.18461538461538,16.2410843491638,6.21008547008547,7.4587520355459,25,0.132025431267111,0.370555422129535,0.101902741085622,0.174161048400881,0.0478942883102423,0.319950430132717,25,0.010080031785878,0.155508836352695,0.00473761493936264,24.6192792128314
208,2,8,595,6.86081031344106,30.7412494602667,8.45384360157334,14.4483872463253,3.97330649273947,26.0480141660213,10.3638655462185,18.8949698098153,7.07226890756302,9.03961463942061,0,0,0,0,0,0,0,0,0,0,0,32.71237958386
209,2,9,540,9.11883003320872,44.1439322704148,12.1395813743641,20.7476481670949,5.70560324595111,37.0828812042756,11.6175925925926,28.5472825569713,6.83240740740741,9.68244544249127,0,0,0,0,0,0,0,0,0,0,0,39.5431412112973
210,2,10,1075,7.95208571856446,28.9455687374661,7.96003140280319,13.6044173066091,3.7412147593175,23.2560535685836,9.09767441860465,12.1703466993781,6.98874418604651,6.96314879835969,0,0,0,0,0,0,0,0,0,0,0,42.5371475144807
301,3,1,570,12.6119747587168,64.6724748048973,17.7849305713468,30.3960631583018,8.35891736853298,56.1879320461105,14.8412280701754,23.1495041588137,8.34491228070175,10.6074419863165,0,0,0,0,0,0,0,0,0,0,0,63.5297589693591
302,3,2,1935,9.31366375560273,25.1656001610968,6.92054004430163,11.8278320757155,3.25265382082177,21.7052471832772,7.7077519379845,8.23751499448709,5.47798449612403,5.5487465852625,0,0,0,0,0,0,0,0,0,0,0,13.2203941240974
303,3,3,695,8.26241224088606,33.5360680811444,9.2224187223147,15.7619519981378,4.33453679948791,27.9152049187987,10.5913669064748,18.648570678981,6.32330935251799,8.04423353355456,0,0,0,0,0,0,0,0,0,0,0,47.5730035744846
304,3,4,635,7.57439952275908,21.7747893000813,5.98806705752237,10.2341509710382,2.81439151703551,21.1921829773301,10.5755905511811,18.9481977182763,5.48771653543307,6.6615945416981,0,0,0,0,0,0,0,0,0,0,0,41.0731703799157
305,3,5,690,9.56642451953811,30.5883919616369,8.41180778945014,14.3765442219693,3.95354966104156,28.1617172387292,11.8,19.976809943885,6.07927536231884,7.00906671811565,10,0.109358840271461,0.3275929462735,0.0900880602252126,0.153968684748545,0.0423413883058499,0.292119334133126,25,0.0155972837291642,0.308494581105475,0.00733072335270719,49.8269695759387
306,3,6,260,2.29184681866519,7.77634217413005,2.13849409788576,3.65488082184112,1.00509222600631,6.1943252285967,9.59615384615385,13.0445667855809,5.24807692307692,6.43515669603539,0,0,0,0,0,0,0,0,0,0,0,24.4988873785141
307,3,7,490,6.46598672971034,22.3613288158225,6.14936542435119,10.5098245434366,2.89020174944506,20.7931361914358,11.2816326530612,18.8474580182806,6.15877551020408,7.65659893717166,0,0,0,0,0,0,0,50,0.0181497845053677,0.280004262728233,0.00853039871752284,43.7749785465558
308,3,8,1020,7.77470747035196,23.5186406250652,6.46762617189293,11.0537610937806,3.03978430078968,20.9347538993884,9.02205882352941,13.2752972629233,5.61803921568627,6.4111289500574,10,0.109358840271461,0.310615098567737,0.0854191521061278,0.145989096326837,0.0401470014898801,0.268235363417839,0,0,0,0,47.4087331037891
309,3,9,965,13.4884084232337,44.7774906684265,12.3138099338173,21.0454206141604,5.78749066889412,39.6892548703482,11.9020725388601,19.9200818389453,6.17295336787565,7.00588408332957,10,0.116898662640076,0.309320612088321,0.0850631683242883,0.145380687681511,0.0399796891124155,0.275436628912548,25,0.0323294110368886,1.10835388818648,0.0151948231873376,60.6649892397634
310,3,10,895,16.081129497324,68.0454538167359,18.7124997996024,31.9813632938658,8.79487490581311,63.4211255548117,13.0793296089385,22.9160987500446,7.44737430167598,9.3900543439773,0,0,0,0,0,0,0,0,0,0,0,68.0901142872018
401,4,1,740,7.30031912567827,22.849403385345,6.28358593096988,10.7392195911122,2.95328538755584,20.5259668929275,9.45608108108108,18.2195988619755,6.34,6.69441279260854,50,0.0805033117482385,0.155107683985915,0.0426546130961265,0.0729006114733799,0.0200476681551795,0.129002826435276,25,0.117867644405323,1.81839309780594,0.0553977928705017,37.9395088171152
402,4,2,805,2.96150085472276,5.27593763334778,1.45088284917064,2.47969068767346,0.681914939110201,4.51007504734267,6.38633540372671,9.57737343198875,3.31739130434783,3.62595671891161,0,0,0,0,0,0,0,0,0,0,0,12.0485582153835
403,4,3,230,2.32962447032461,6.57137575408684,1.80712833237388,3.08854660442082,0.849350316215724,5.92137668922952,8.42173913043478,27.4001277742004,4.28695652173913,6.05184058904244,0,0,0,0,0,0,0,0,0,0,0,12.9752935606079
404,4,4,110,0.545627885084658,1.23550742873974,0.33976454290343,0.58068849150768,0.159689335164612,1.09100963423889,6.81363636363636,12.4637088590285,3.51818181818182,4.76083070035914,0,0,0,0,0,0,0,0,0,0,0,3.20108677478851
405,4,5,1115,7.52161683918795,21.2893700954954,5.85457677626124,10.0060039448828,2.75165108484278,18.3285804957103,8,15.2155139179811,5.37156950672646,5.80187455752536,10,1.5552847130678,6.03218928722854,1.65885205398785,2.83512896499741,0.779660465374289,5.68954253734462,0,0,0,0,28.5520275059364
406,4,6,35,1.21988828137055,5.78519299745358,1.59092807429974,2.71904070880318,0.747736194920876,5.12836069771787,13.9714285714286,38.0012161909851,4.91428571428571,10.0094269287476,0,0,0,0,0,0,0,0,0,0,0,8.70955852373282
407,4,7,0,0,0,0,0,0,0,0,0,0,0,0,0,0,0,0,0,0,0,0,0,0,0
408,4,8,20,1.46574932244049,4.14596334559989,1.14013992003997,1.94860277243195,0.535865762418786,3.59382098908323,30.25,31.4210984594776,5.7,5.8377762893503,0,0,0,0,0,0,0,0,0,0,0,3.71120760987054
409,4,9,575,5.44697973659196,17.2597727794639,4.74643751435258,8.11209320634805,2.23082563174571,14.6854346248641,9.81217391304348,15.8739077272681,5.98,6.41921252258371,0,0,0,0,0,0,0,0,0,0,0,30.3965389575054
410,4,10,710,15.3743222011469,65.8411267054491,18.1063098439985,30.9453295515611,8.5099656266793,57.6076645995602,13.8302816901408,28.9442051790544,6.42225352112676,8.92144085410133,25,0.059395736106932,0.127536390482519,0.0350725073826927,0.0599421035267839,0.0164840784698656,0.107268699409119,0,0,0,0,70.4254398684643
501,5,1,715,4.22988354569228,11.3358270880316,3.11735244920868,5.32783873137484,1.46515565112808,9.62923607792136,8.04265734265734,10.8496668464653,4.88867132867133,5.4201852885118,25,0.125663706143592,0.346546430905897,0.0953002684991217,0.162876822525772,0.0447911261945872,0.298727762244546,50,0.0297819120946394,0.459457925587507,0.0139974986844805,24.1003234859072
502,5,2,495,5.25675237442628,16.71979422691,4.59794341240024,7.85830328664768,2.16103340382811,17.2942581488703,9.8010101010101,19.0629152687729,4.70464646464646,7.83312626949674,0,0,0,0,0,0,0,0,0,0,0,39.335680947033
503,5,3,80,2.21789372759969,7.9046632648066,2.17378239782182,3.7151917344591,1.02167772697625,6.88780167271992,18.0875,21.0967576870368,6.73,7.39419007687922,0,0,0,0,0,0,0,0,0,0,0,13.93744975985
504,5,4,100,3.14630504257018,12.9997891825953,3.57494202521371,6.1099009158198,1.68022275185044,11.258508376742,18.94,23.3561977034448,7.995,8.51982626060909,0,0,0,0,0,0,0,0,0,0,0,20.002378549321
505,5,5,1125,9.12960962300135,28.3276738679483,7.79011031368578,13.3140067179357,3.66135184743232,25.8362143683201,9.13511111111111,14.6891766989155,5.99146666666667,6.73794375173131,0,0,0,0,0,0,0,0,0,0,0,44.2342813409276
506,5,6,540,7.38727448333882,22.8910378754758,6.29503541575585,10.7587878014736,2.95866664540525,22.5382070284103,11.5166666666667,19.243464065143,5.98759259259259,7.26416729305522,0,0,0,0,0,0,0,0,0,0,0,40.9323833489604
507,5,7,705,7.29634501097148,25.3678056029826,6.97614654082021,11.9228686334018,3.2787888741855,25.9055492600654,9.63758865248227,18.9410145538291,6.08794326241135,8.45353106218034,0,0,0,0,0,0,0,0,0,0,0,38.7401460988643
508,5,8,205,4.99505770638225,16.4333574712287,4.51917330458791,7.72367801147751,2.12401145315632,17.425573971326,15.6219512195122,27.503234167806,6.53121951219512,8.30610260687856,0,0,0,0,0,0,0,0,0,0,0,36.8334818094651
509,5,9,1195,7.15753766656343,16.1576877648651,4.44336413533792,7.59411324948662,2.08838114360882,15.9373489080728,7.73640167364017,13.4442689004813,3.83531380753138,5.30155349457823,0,0,0,0,0,0,0,25,0.0588510946690652,0.907920276887451,0.0276600144944606,22.7277665322459
510,5,10,30,1.06233740979302,4.34772872449376,1.19562539923578,2.04343250051207,0.561943937640818,3.7436988033477,20.7,22.8405016967197,7.95333333333333,8.39052498502895,0,0,0,0,0,0,0,0,0,0,0,6.54710804267081
601,6,1,620,4.28359299909622,13.2899154388244,3.65472674567671,6.24626025624747,1.71772157046806,12.6431229351649,7.58709677419355,17.0172635330874,5.14338709677419,7.02743553402615,0,0,0,0,0,0,0,25,0.0316184633404755,0.625373287605218,0.0148606777700235,25.5905927994517
602,6,2,350,6.64773964569296,24.5217446184652,6.74347977007793,11.5252199706786,3.16943549193663,26.5902516317478,12.7128571428571,26.0057671961735,6.47314285714286,9.52355632244882,0,0,0,0,0,0,0,25,0.0122233112716631,0.188574099031727,0.00574495629768166,28.9852152460903
603,6,3,500,4.64811984867388,14.9983288812562,4.12454044234547,7.04921457419044,1.93853400790237,13.8738811836655,9.372,16.4973265384401,5.3894,7.10675531456514,0,0,0,0,0,0,0,0,0,0,0,29.4602150072258
604,6,4,645,3.5101760846814,8.82888828729906,2.42794427900724,4.14957749503056,1.1411338111334,8.76464998133655,7.76511627906977,10.6205968726611,5.27317829457364,5.94506193929915,0,0,0,0,0,0,0,0,0,0,0,20.6015367845644
605,6,5,790,4.89508437416339,15.3160694945281,4.21191911099523,7.1985526624282,1.97960198216776,14.5490913619504,7.78037974683544,14.9151851189268,5.70227848101266,7.07662852590766,0,0,0,0,0,0,0,0,0,0,0,25.3718297703016
606,6,6,955,6.96129808145694,22.1934380241544,6.10319545664247,10.4309158713526,2.86850186462196,20.7612027676209,8.44607329842932,15.3427625967462,5.92293193717277,7.10089333664282,0,0,0,0,0,0,0,0,0,0,0,30.8652519994395
607,6,7,970,8.47575387100052,25.7902189399924,7.0923102084979,12.1214029017964,3.33338579799401,24.8649458123649,9.01288659793815,17.8151282031086,5.05958762886598,6.98489512971353,0,0,0,0,0,0,0,0,0,0,0,40.2431776591792
608,6,8,415,6.78498404775585,40.2899473897229,11.0797355321738,18.9362752731698,5.20747570012168,32.8962244482535,12.5493975903614,23.2810811780653,8.21060240963855,11.5437771663323,45,1.1555170478985,5.47690567881949,1.50614906167536,2.57414566904516,0.707890058987419,5.06024987728459,200,0.103292796627531,1.94966258334078,0.0485476144149395,41.6652838775624
609,6,9,565,5.3204913623768,16.9016580076372,4.64795595210024,7.9437792635895,2.18453929748711,15.8879327850343,9.29380530973451,17.8715201365168,5.92867256637168,7.10994696099648,0,0,0,0,0,0,0,0,0,0,0,32.6078527929063
610,6,10,1125,8.84346551013076,26.0817071064635,7.17246945427746,12.2584023400378,3.3710606435104,25.7918723619526,9.10133333333333,14.7571403704312,5.64008888888889,6.9440220962091,0,0,0,0,0,0,0,0,0,0,0,34.1159669273977
701,7,1,580,6.37751162660362,19.4420312882778,5.34655860427639,9.13775470549056,2.5128825440099,17.3836001477662,10.15,17.7599764781222,5.23103448275862,6.48991747638576,25,0.1661902513749,0.506984458491564,0.13942072608518,0.238282695491035,0.0655277412600346,0.441135403249535,0,0,0,0,38.5877470116193
702,7,2,725,6.51296139386314,22.0045083483827,6.05123979580525,10.3421189237399,2.84408270402847,19.939669688221,9.14620689655172,17.8979436989301,5.72262068965517,7.28937285952709,25,0.0855298599939821,0.206805495512308,0.0568715112658848,0.0971985828907849,0.0267296102949658,0.176020451867615,0,0,0,0,33.5952169868134
703,7,3,630,13.0068297583741,53.7491848151129,14.781025824156,25.2621168631031,6.94708213735334,46.3841475488293,13.8873015873016,24.9662919265422,6.68222222222222,8.49080433867667,10,1.08686539443593,7.65830780345624,2.10603464595047,3.59940466762443,0.989836283596719,6.74682562250045,25,0.00669259128590737,0.132371006459006,0.00314551790437646,52.23311916586
704,7,4,930,10.5527825110041,37.9488639143624,10.4359375764497,17.8359660397503,4.90489066093134,32.5544993833989,10.8387096774194,16.5472382857679,5.96064516129032,7.34504977590424,60,0.285480451422521,0.732529924027466,0.201445729107553,0.344289064292909,0.09467949268055,0.635709385831524,100,0.0319415029045872,0.562525726570154,0.015012506365156,55.5421272704289
705,7,5,630,9.28438018508045,30.3210446824847,8.3382872876833,14.2508910007678,3.91899502521115,28.1204158495151,11.5714285714286,20.2954655349185,5.54206349206349,7.21139911718229,10,0.219039693789914,0.944235082807706,0.259664647772119,0.443790488919622,0.122042384452896,0.768172206121229,0,0,0,0,53.5832614339063
706,7,6,525,6.06874019264555,20.3623921965068,5.59965785403936,9.57032433235818,2.6318391913985,17.0520985259816,10.3047619047619,17.5764664240529,5.28628571428571,6.69005976477166,0,0,0,0,0,0,0,75,0.0183229650514668,0.329637499664134,0.00861179357418939,36.7711452471932
707,7,7,545,5.49697425668302,16.89945167971,4.64734921192026,7.94274228946372,2.18425412960252,14.366346467667,9.82293577981651,17.1936935675489,4.87908256880734,6.22262088751694,0,0,0,0,0,0,0,125,0.0338920806918072,0.716944822971135,0.0159292779251494,33.2703420282855
708,7,8,630,7.08118125711793,21.7536586935229,5.9822561407188,10.2242195859558,2.81166038613784,20.7936810991108,9.5047619047619,22.0654644389333,5.57253968253968,6.99159684295988,0,0,0,0,0,0,0,150,0.0256505245214699,0.4258900080839,0.0120557465250908,22.6047765885387
709,7,9,590,7.67046549911503,26.7420487485371,7.3540634058477,12.5687629118124,3.45640980074842,25.502546640392,11.0677966101695,19.6237134893932,6.04338983050847,7.91612310241093,0,0,0,0,0,0,0,150,0.0305925146507538,0.471963427844203,0.0143784818858543,34.1776705913247
710,7,10,685,5.96066155138042,18.7139808373896,5.14634473028213,8.79557099357309,2.4187820232326,15.3391309284714,9.01605839416058,18.8262516552801,5.82642335766423,6.12712867373359,0,0,0,0,0,0,0,0,0,0,0,30.0227292413312
801,8,1,1425,9.94916082553414,26.7804426730218,7.36462173508098,12.5868080563202,3.46137221548806,26.0615787023031,8.64175438596491,12.8313655673717,5.35950877192982,6.23684539336965,0,0,0,0,0,0,0,0,0,0,0,44.0127822414637
802,8,2,515,6.59466243781056,20.2727349081705,5.57500209974689,9.52818540684014,2.62025098688104,20.1562964000919,11.047572815534,19.6966428018057,5.91766990291262,7.27727648800078,10,0.433736135736241,1.77553119469527,0.488271078541199,0.834499661506776,0.229487406914363,1.65045274370354,50,0.0142145859144873,0.439061135284075,0.00668085537980903,36.1077720495788
803,8,3,685,9.1361166467851,37.9239247933646,10.4290793181753,17.8242446528813,4.90166727954237,30.5921555916659,11.2956204379562,18.290344952682,6.58481751824818,7.97258490784198,0,0,0,0,0,0,0,25,0.00346501092639555,0.118791472213864,0.00162855513540591,52.6840407759325
804,8,4,845,7.6011973080942,21.0879637754143,5.79919003823895,9.91134297444474,2.7256193179723,20.7450053300803,9.90828402366864,14.180401564556,5.65360946745562,6.49803811577528,0,0,0,0,0,0,0,0,0,0,0,35.238599476831
805,8,5,720,7.86788318146662,24.4868899018348,6.73389472300458,11.5088382538624,3.16493051981215,23.537375490669,10.7805555555556,16.1764482865328,6.31375,7.12280151132495,0,0,0,0,0,0,0,25,0.0163642697841041,0.252458385642476,0.00769120679852892,43.6701341363604
806,8,6,540,11.5856792706421,41.5188404628276,11.4176811272776,19.513855017529,5.36631012982047,37.8920232500595,13.8509259259259,25.0479362729297,5.61444444444444,7.78712243527624,0,0,0,0,0,0,0,25,0.00893457362839182,0.176714586764426,0.00419924960534416,54.2218176968581
807,8,7,865,11.1530073494173,38.4271963057225,10.5674789840737,18.0607822636896,4.96671512251463,35.5359460418041,10.9595375722543,21.3397516980096,5.77491329479769,7.58624043604252,0,0,0,0,0,0,0,25,0.00505147047451384,0.173180295029137,0.0023741911230215,47.487038549727
808,8,8,675,8.41639740480176,26.1799133583171,7.1994761735372,12.304559278409,3.38375380156248,23.7333920321219,10.9525925925926,19.1648620905573,5.72222222222222,6.71404563604822,35,0.337426685949629,0.971718678397998,0.26722263655945,0.456707778847059,0.125594639182941,0.867778007342538,75,0.0216040739434092,0.473940667720556,0.0101539147534023,45.4232643922163
809,8,9,745,7.18868263073295,21.9728572852247,6.04253575343679,10.3272429240556,2.83999180411529,20.5280409001407,9.08389261744967,18.6970126456981,5.19744966442953,6.79906046325132,0,0,0,0,0,0,0,25,0.0025772808543438,0.0883572933822129,0.00121132200154158,40.3443397480781
810,8,10,455,5.63329974289473,19.758269183871,5.43352402556451,9.28638651641935,2.55375629201532,18.43489465832,11.1758241758242,17.4400602854777,5.97362637362637,7.79163338231645,0,0,0,0,0,0,0,50,0.0207955637575292,0.7129373288424,0.00977391496603873,39.4093278361967
901,9,1,0,0,0,0,0,0,0,0,0,0,0,10,0.314159265358979,1.11126363793423,0.305597500431913,0.522293909829087,0.143630825202999,1.00543531285488,0,0,0,0,0
902,9,2,0,0,0,0,0,0,0,0,0,0,0,0,0,0,0,0,0,0,0,0,0,0,0
903,9,3,30,1.72405107041864,5.77804887534196,1.58896344071904,2.71568297141072,0.746812817137948,5.49667329210681,27.0333333333333,27.1009092855548,7.57,7.5910264995695,0,0,0,0,0,0,0,0,0,0,0,4.3669936697575
904,9,4,10,0.156145008865047,0.328627588898937,0.0903725869472077,0.1544549667825,0.0424751158651876,0.341020699361262,14.1,14.1,5.2,5.2,10,0.1539380400259,0.56668896808856,0.155839466224354,0.266343815001623,0.0732445491254464,0.504301019124848,0,0,0,0,1.15756646159547
905,9,5,40,2.05032117545721,5.03272724647667,1.38399999278108,2.36538180584403,0.650479996607109,7.30028339006183,22.275,34.3159859033537,6.515,8.4775143169064,10,0.380132711084365,1.25613705742805,0.345437690792714,0.590384416991183,0.162355714672575,1.13994197399979,0,0,0,0,4.80001867069039
906,9,6,0,0,0,0,0,0,0,0,0,0,0,0,0,0,0,0,0,0,0,0,0,0,0
907,9,7,10,0.855298599939821,3.08269657919932,0.847741559279814,1.44886739222368,0.398438532861512,2.69419058981044,33,33,7.5,7.5,0,0,0,0,0,0,0,25,0.172480543891689,2.66092897759055,0.081065855629094,5.45433074864549
908,9,8,20,1.11989138720679,4.26135468186706,1.17187253751344,2.00283670047752,0.550780092631317,3.69197232322671,26.65,26.8535349851672,7.8,7.84934181458598,0,0,0,0,0,0,0,0,0,0,0,4.47810731928207
909,9,9,10,0.57255526111674,2.89357404573756,0.795732862577828,1.35997980149665,0.373994445411579,2.52496870152482,27,27,10.5,10.5,0,0,0,0,0,0,0,0,0,0,0,4.15473101448718
910,9,10,10,0.834689752132272,3.59644332932176,0.989021915563485,1.69032836478123,0.464840300314838,3.15512726305999,32.6,32.6,9,9,0,0,0,0,0,0,0,0,0,0,0,3.93614934626292
1001,10,1,235,1.99156161186263,3.91813504119265,1.07748713632798,1.84152346936055,0.50641895407415,3.88518284909926,9.07872340425532,16.3614823709891,3.96978723404255,4.64481505362351,0,0,0,0,0,0,0,0,0,0,0,12.2242094935757
1002,10,2,380,5.58011257926946,18.3582690512104,5.04852398908287,8.62838645406891,2.37280627486895,18.5955484102756,12.4315789473684,18.4571535943205,5.92631578947368,7.93444838855875,0,0,0,0,0,0,0,50,0.0204186825690905,0.315007495375449,0.00959678080747256,29.4707735654644
1003,10,3,650,10.8813302707165,34.9187400005573,9.60265350015325,16.4118078002619,4.51324714507203,38.4680198557513,11.5661538461538,24.784894915313,5.34307692307692,8.41721748971817,25,0.0706858347057703,0.160402226000027,0.0441106121500075,0.0753890462200129,0.0207319877105035,0.135674391134256,50,0.0470162006222179,0.911313196953327,0.0220976142924424,52.6431829063228
1004,10,4,520,4.36319310295655,12.5034851616793,3.43845841946181,5.87663802598927,1.61607545714705,10.9267038708681,9.15192307692308,13.962067649616,4.41442307692308,5.96259688338712,0,0,0,0,0,0,0,125,0.0637817829445286,0.987487001325837,0.0299774379839284,22.8376500123081
1005,10,5,10,0.530929158456675,1.86001423748644,0.511503915308771,0.874206691618627,0.240406840195122,1.60552977517299,26,26,7.2,7.2,0,0,0,0,0,0,0,0,0,0,0,2.43325846899527
1006,10,6,50,2.2535665121812,9.05238323294021,2.48940538905856,4.2546201194819,1.17002053285752,7.96910344636721,23.02,25.9911411374781,7.844,8.41956770395876,0,0,0,0,0,0,0,25,0.00927821107563766,0.143138815279185,0.0043607592055497,7.56483256919962
1007,10,7,295,5.9032096757279,25.6520296804736,7.05430816213025,12.0564539498226,3.31552483620122,23.78249883866,12.3457627118644,25.1092144966872,5.7064406779661,9.59223885740135,0,0,0,0,0,0,0,25,0.00160822325311053,0.0318086256175967,0.000755864928961948,32.4394250508105
1008,10,8,570,6.59150121020289,19.7934507928896,5.44319896804464,9.30292187265811,2.55830351498098,17.4043047261851,10.3754385964912,17.7285257418475,4.84333333333333,6.28670456928518,25,0.141862543263664,0.408232956902872,0.11226406314829,0.19186948974435,0.0527641096796962,0.353322850252482,0,0,0,0,39.2415676086413
1009,10,9,90,3.56523642292638,12.4446269487841,3.42227241091562,5.84897466592852,1.60846803313034,11.0900274032386,21.9555555555556,23.8502912279156,7.20222222222222,7.40619247037053,0,0,0,0,0,0,0,0,0,0,0,19.3309037047943
1010,10,10,20,1.68487541002838,9.11017498494865,2.50529812086088,4.28178224292586,1.17749011680461,7.7517149391185,32.75,32.7538165714952,11,10.954201142058,0,0,0,0,0,0,0,0,0,0,0,9.60976388825459
1101,11,1,20,1.1224596392011,3.47478442082073,0.955565715725701,1.63314867778574,0.44911588639108,3.12977762627447,26.7,26.8262923675446,6.6,6.63885919001371,0,0,0,0,0,0,0,0,0,0,0,5.48106284671551
1102,11,2,930,4.67426575353338,13.7090466616097,3.76998783194267,6.44325193095656,1.77189428101306,11.0920765384628,7.58064516129032,9.5888699579599,5.18634408602151,5.6500223642602,10,0.113097335529233,0.334232248942474,0.0919138684591803,0.157089157002963,0.0431995181758147,0.265054915546309,50,0.017243330010635,0.296126523527374,0.00810436510499843,24.5016028359818
1103,11,3,375,5.27661902096942,20.223483252885,5.56145789454337,9.50503712885594,2.61388521043538,16.4270139491705,11.0213333333333,24.660411109788,5.852,7.41231038640152,0,0,0,0,0,0,0,0,0,0,0,32.0318500659844
1104,11,4,20,0.575107805147781,1.89292585872659,0.520554611149813,0.889675153601499,0.244660667240412,1.60838972404518,18.05,22.0258067599863,5.25,6.65875042676682,0,0,0,0,0,0,0,75,0.0230748727631723,0.35598564455071,0.010845190198691,4.5756006385743
1105,11,5,775,5.55058553531653,18.8352816708886,5.17970245949438,8.85258238531766,2.43446015596236,16.5689784465405,8.46129032258064,14.5957285214494,5.47445161290323,7.10734902313143,20,0.448886466308178,1.63539282827799,0.449733027776449,0.768634629290657,0.211374523054931,1.44061176357944,0,0,0,0,21.2739462158476
1106,11,6,1045,9.05196123357706,35.353138558201,9.72211310350528,16.6159751223545,4.56939315864748,29.9991545942322,9.34401913875598,15.8972589035527,5.98162679425837,7.89072740311219,0,0,0,0,0,0,0,100,0.0271597140077467,0.537184854828136,0.012765065583641,37.3206935569715
1107,11,7,670,8.87682922411188,33.9222840906901,9.32862812493979,15.9434735226244,4.3844552187217,29.0958316941889,10.2119402985075,30.8509095912082,6.08716417910448,7.80411428439977,10,0.0899202357273739,0.290082064270666,0.0797725676744333,0.136338570207213,0.0374931068069836,0.229242648963367,25,0.0195178739103429,0.386038905273114,0.00917340073786115,40.3292524882746
1108,11,8,1105,10.2308870737356,32.9803354176156,9.06959223984428,15.5007576462793,4.26270835272681,31.3197854660528,9.76470588235294,15.2290159883375,6.49122171945701,7.28880274397242,0,0,0,0,0,0,0,0,0,0,0,39.2812346873943
1109,11,9,10,0.419096313970512,1.39646823158361,0.384028763685494,0.656340068844298,0.180493518932182,1.19693907269978,23.1,23.1,6.8,6.8,0,0,0,0,0,0,0,0,0,0,0,1.94461229017904
1110,11,10,995,6.31542590178705,20.4462875144656,5.62272906647805,9.60975513179885,2.64268266124468,16.1714226935064,8.06934673366834,12.7780022509498,5.31597989949749,6.09672062728126,10,0.0833228911548353,0.22807481185654,0.0627205732605484,0.107195161572574,0.0294786694324578,0.179177545139358,25,0.043089590422056,0.6647610054996,0.0202521074983663,33.7804552705676
1201,12,1,1050,9.91265944589024,28.1459855648832,7.74014603034288,13.2286132154951,3.63786863426115,27.8289530831138,9.61047619047619,16.8900874640188,5.706,6.68432245295412,0,0,0,0,0,0,0,0,0,0,0,35.9082584971077
1202,12,2,650,7.05705382553836,23.1085934705682,6.35486320440625,10.861038931167,2.98678570607094,19.9932416105525,10.5092307692308,16.1796788539529,5.94261538461538,6.74544326746293,0,0,0,0,0,0,0,0,0,0,0,39.480584309602
1203,12,3,1215,5.70468458196593,13.2809522174679,3.65226185980366,6.24204754220989,1.71656307410772,12.5672069613014,7.28641975308642,10.4164097403018,4.82139917695473,5.24514912376109,0,0,0,0,0,0,0,0,0,0,0,12.5124924139332
1204,12,4,1090,8.17706302246966,21.2282679990191,5.83777369973025,9.97728595953897,2.74375363887322,20.3405388586065,8.67706422018349,14.7068563569025,4.61045871559633,5.92264658987875,0,0,0,0,0,0,0,50,0.0112942937966904,0.223386872624319,0.0053083180844445,36.8410975222972
1205,12,5,1015,6.66676198921045,16.3933471859463,4.50817047613524,7.70487317739477,2.11884012378356,16.8014872098947,7.92955665024631,14.6051538072319,5.06551724137931,6.00044534973378,0,0,0,0,0,0,0,0,0,0,0,31.2453469739561
1206,12,6,540,10.316000672703,35.7325724930947,9.82645743560104,16.7943090717545,4.61843499473249,31.7731094304133,13.3481481481481,24.3141158485056,6.36703703703704,7.33329348734729,0,0,0,0,0,0,0,0,0,0,0,53.6106528038783
1207,12,7,930,10.1881025087845,30.7526738162796,8.45698529947689,14.4537566936514,3.97478309075414,30.8049043184237,10.744623655914,16.1875939868462,5.7758064516129,7.19908444371466,0,0,0,0,0,0,0,0,0,0,0,44.7880928894121
1208,12,8,510,10.7204846538435,36.987808368049,10.1716473012135,17.384269932983,4.78067423157034,33.7513127436979,12.7303921568627,33.6480312635877,6,7.49595480355128,0,0,0,0,0,0,0,25,0.00270022669658064,0.0534070751110265,0.0012691065473929,42.7176731006555
1209,12,9,550,8.47130066341406,31.6585656633404,8.70610555741861,14.87952586177,4.09186961198674,28.3287385167592,12.3954545454545,19.5832159666308,6.56309090909091,7.96210406179495,0,0,0,0,0,0,0,0,0,0,0,45.917901502308
1210,12,10,605,7.22697864518021,26.113215696898,7.18113431664694,12.273211377542,3.37513312882406,24.6794756210121,11.098347107438,16.6717173232047,6.52462809917355,8.13073611054509,0,0,0,0,0,0,0,0,0,0,0,48.0575271762185
1301,13,1,10,1.09271661075324,6.04305876534467,1.66184116046978,2.84023761971199,0.781065345420798,5.3696094252414,37.3,37.3,11.7,11.7,0,0,0,0,0,0,0,0,0,0,0,5.08376010561526
1302,13,2,55,0.96446501766125,3.87095099513301,1.06451152366158,1.81934696771251,0.500320416120941,3.41011449884171,12.8636363636364,21.5552974564229,5.42909090909091,8.41847043351154,0,0,0,0,0,0,0,0,0,0,0,6.83902839450072
1303,13,3,60,1.64822087774262,6.11745854227556,1.68230109912578,2.87520551486951,0.790681516589116,5.64788515541729,17.1333333333333,24.4439783091424,6.48166666666667,8.15870359957686,0,0,0,0,0,0,0,0,0,0,0,8.47167100986126
1304,13,4,720,3.8696960209674,9.95147536475086,2.73665572530649,4.6771934214329,1.28622819089405,8.05166090103837,8.17083333333333,8.56449782324109,4.94097222222222,4.9540380146335,0,0,0,0,0,0,0,0,0,0,0,22.5866511365905
1305,13,5,20,2.67526249407256,7.59208491541361,2.08782335173874,3.5682799102444,0.981276975317209,13.6201518965601,39.25,46.7427889908257,10.3,12.121776146789,0,0,0,0,0,0,0,0,0,0,0,6.63662283428175
1306,13,6,30,4.15175606338832,27.007119427747,7.42695784263043,12.6933461310411,3.4906701860363,22.7896899526755,40,48.0629149972192,11.7333333333333,13.0694495836313,0,0,0,0,0,0,0,0,0,0,0,11.9231435209459
1307,13,7,40,3.59069117740209,12.3908764239527,3.40749101658699,5.82371191925776,1.60152077779588,13.6826534897042,33.525,34.6489182621325,8.915,9.07283439163045,0,0,0,0,0,0,0,0,0,0,0,21.0392639254934
1308,13,8,0,0,0,0,0,0,0,0,0,0,0,0,0,0,0,0,0,0,0,0,0,0,0
1309,13,9,40,3.81318662311095,17.1639012038572,4.72007283106072,8.06703356581287,2.21843423059854,15.6849464129344,32.1,42.1587316430146,8.1725,9.79367500154477,0,0,0,0,0,0,0,0,0,0,0,15.2658796974731
1310,13,10,30,1.91601023553461,4.79588449243656,1.31886823542005,2.25406571144518,0.619868070647425,5.96602157968635,28.4,28.8611820261197,7.2,7.41374603408839,10,0.107513154587477,0.278826220576157,0.0766772106584431,0.131048323670794,0.0360382890094682,0.243839834604397,50,0.0253528072190264,0.438644874257475,0.0119158193929424,5.45878662329687
1401,14,1,20,1.27229004683243,6.91538043547524,1.90172961975569,3.25022880467336,0.893812921285175,6.07087812498613,28.25,29.0802719870612,11,11.3609878204614,0,0,0,0,0,0,0,0,0,0,0,8.78541967295123
1402,14,2,45,0.610175833143478,1.87442735866168,0.515467523631962,0.88098085857099,0.242269736107022,1.58605441399485,11,18.1173123954177,4.2,6.18890462092933,0,0,0,0,0,0,0,0,0,0,0,4.0057136951142
1403,14,3,100,5.47032177000813,26.8182156789249,7.37500931170433,12.6045613690947,3.46625437650104,22.982892858615,25.35,29.877784446011,9.408,10.0032823979222,0,0,0,0,0,0,0,0,0,0,0,27.4479493639477
1404,14,4,10,1.13411494794592,5.11360992407073,1.40624272911945,2.40339666431324,0.660934082686141,4.5251186423042,38,38,9.5,9.5,0,0,0,0,0,0,0,25,0.00427637712128156,0.0659734457253857,0.00200989724700233,7.33801618422396
1405,14,5,55,1.3980872706638,4.62153777974001,1.2709228894285,2.17212275647781,0.597333758031397,4.46094297297483,15,23.725195213752,5.24545454545455,7.59701702151565,0,0,0,0,0,0,0,0,0,0,0,11.9695790528767
1406,14,6,590,10.8839495735914,41.7718368411203,11.4872551313081,19.6327633153265,5.3990099117148,36.9746914825774,14.0889830508475,19.0280300911936,6.82813559322034,8.08851411201212,25,0.159043128087983,0.477441008854657,0.131296277435031,0.224397274161689,0.0617092503944644,0.414816286679078,0,0,0,0,58.22111974601
1407,14,7,115,3.32712333473836,12.8485676390873,3.53335610074902,6.03882679037105,1.66067736735204,11.2280900001214,17.4565217391304,22.641565898884,6.86782608695652,8.03503354991767,0,0,0,0,0,0,0,50,0.349772012044821,5.39607808162217,0.164392845661066,19.7330612015094
1408,14,8,30,1.68624985681432,6.34672162282809,1.74534844627773,2.9829591627292,0.820313769750531,5.49996866572079,26.3333333333333,28.0721937587331,8.10666666666667,7.76585002328831,0,0,0,0,0,0,0,0,0,0,0,10.2373329644983
1409,14,9,655,3.29743528416193,9.91114076642653,2.7255637107673,4.65823616022047,1.28101494406063,8.24757327042042,7.31832061068702,10.3411885409409,5.3212213740458,5.95525841238083,0,0,0,0,0,0,0,25,0.0513165254553787,0.791681348704628,0.024118766964028,25.6219596059167
1410,14,10,10,0.390570652675917,1.26618670919442,0.348201345028465,0.595107753321376,0.163654632163378,1.08266184921764,22.3,22.3,6.6,6.6,0,0,0,0,0,0,0,0,0,0,0,4.49292521862388
1501,15,1,30,1.26357998120035,3.6686438738312,1.00887706530358,1.72426262070066,0.474172220692683,3.13472563470387,23.1333333333333,23.2305163969071,5.9,5.90673528753636,0,0,0,0,0,0,0,0,0,0,0,4.09956729171297
1502,15,2,30,1.5026944520467,5.70456198661817,1.56875454632,2.68114413371054,0.737314636770399,4.94420855685048,24.6333333333333,26.8419105310747,7.32,7.83387808434686,0,0,0,0,0,0,0,0,0,0,0,8.09987906052039
1503,15,3,60,1.91416454985063,6.33330888291195,1.74165994280079,2.97665517496862,0.81858017311637,5.56306233755354,19.5166666666667,22.0640495816904,6.95,6.91966974261342,0,0,0,0,0,0,0,150,0.100194889767834,1.98172842685689,0.047091598190882,12.183268186346
1504,15,4,280,1.99708688794213,6.38452601424313,1.75574465391686,3.00072722669427,0.825199987340924,5.40094555846549,7.68928571428571,19.9349516472194,3.55107142857143,6.43907596833375,0,0,0,0,0,0,0,0,0,0,0,13.6495183414279
1505,15,5,20,0.487339560388117,1.73394949200534,0.47683611030147,0.814956261242512,0.224112971841691,1.46917024980487,17.6,17.6555938759065,7.15,7.17779693795326,20,0.402375187071781,1.32209868846866,0.363577139328883,0.621386383580272,0.170881255484575,1.11259518906527,25,0.0624717300861994,1.23561195260177,0.0293617131405137,2.30211703488915
1506,15,6,60,4.08759688742039,13.0818387711114,3.59750566205564,6.14846422242236,1.69082766116615,14.3664246462002,29.2833333333333,29.9293519634008,8.49833333333333,8.36818646975976,0,0,0,0,0,0,0,0,0,0,0,19.1097921090093
1507,15,7,80,3.61711982560041,12.7633465130002,3.50992029107506,5.9987728611101,1.64966253680528,12.4027216365517,23.6,25.077373378555,7.8675,8.16403410299948,0,0,0,0,0,0,0,25,0.0465342376478741,0.920388472731385,0.0218710916945008,20.3921299496184
1508,15,8,0,0,0,0,0,0,0,0,0,0,0,20,0.590509463132005,1.42631300518895,0.39223607642696,0.670367112438805,0.184350955920671,1.15496313798978,0,0,0,0,0
1509,15,9,40,1.81192141693955,4.48000065488504,1.23200018009339,2.10560030779597,0.579040084643892,3.78995832791521,23.875,24.4387761648194,5.0075,4.98018855574965,0,0,0,0,0,0,0,0,0,0,0,6.65335562934599
1510,15,10,0,0,0,0,0,0,0,0,0,0,0,0,0,0,0,0,0,0,0,0,0,0,0
1601,16,1,0,0,0,0,0,0,0,0,0,0,0,0,0,0,0,0,0,0,0,0,0,0,0
1602,16,2,1000,11.5624550469505,47.2591298737199,12.996260715273,22.2117910406484,6.1082425361783,39.56050079679,10.2395,23.6122362622714,6.1193,8.14633814196997,25,0.173494454294496,0.537700473285266,0.147867630153448,0.252719222444075,0.0694977861721207,0.468539123267717,25,0.00757582352559406,0.149840225108374,0.00356063705702921,50.2573656669499
1603,16,3,815,9.83789346772562,41.8535507762921,11.5097264634803,19.6711688648573,5.40957143783575,34.0653171191143,11.2104294478528,16.0158121171212,7.14220858895705,8.24443750775887,20,0.225385710950166,0.618582917745324,0.170110302379964,0.290733971340302,0.0799518421185831,0.616256670038636,0,0,0,0,58.7325322907102
1604,16,4,1005,9.65874807364548,31.4030794264081,8.63584684226224,14.7594473304118,4.05884801586325,26.6855918043822,10.1442786069652,14.6940351604746,6.00308457711443,6.57819448848991,0,0,0,0,0,0,0,25,0.00893457362839182,0.176714586764426,0.00419924960534416,44.8204307992596
1605,16,5,825,11.9609032432053,46.1867729479973,12.7013625606993,21.7077832855587,5.96964040352865,37.1279530088997,12.2539393939394,18.2180916528526,6.34157575757576,7.39073682973282,10,0.339794661412272,1.15663807507546,0.318075470645751,0.543619895285465,0.149495471203503,1.04751898220175,0,0,0,0,56.4317986427245
1606,16,6,1205,9.95877409905412,40.0285952135051,11.0078636837139,18.8134397503474,5.17369593134553,33.2267694550751,8.43526970954357,19.7829261733428,6.03128630705394,7.94388496601512,35,1.33706183336782,8.6038049479037,2.36604636067352,4.04378832551474,1.11204178951655,7.69860499584065,0,0,0,0,38.9163168113908
1607,16,7,1145,8.52053334728663,26.1743305417683,7.19794089898628,12.3019353546311,3.38303222252355,23.9330280087541,8.61921397379913,14.6047373505348,5.66305676855895,6.68777383976668,0,0,0,0,0,0,0,0,0,0,0,37.6818971366184
1608,16,8,885,11.0775148779515,45.307535103044,12.4595721533371,21.2945414984307,5.85599891206844,36.8609647085397,10.2983050847458,24.0593432655078,6.31389830508475,7.92273381294964,0,0,0,0,0,0,0,50,0.0157828250415138,0.31216435402395,0.0074179277695115,49.6569383716593
1609,16,9,835,12.8359114100555,42.7896705362696,11.7671593974741,20.1111451520467,5.53056491681284,48.6568647354463,11.7508982035928,25.8945475760852,7.42826347305389,9.02543452043328,30,0.390107267759513,1.42148425883465,0.390908171179528,0.668097601652284,0.183726840454378,1.10628911725561,75,0.507064544407016,17.3837673291901,0.238320335871297,58.9672859200618
1610,16,10,955,8.36821322747733,29.8654538762119,8.21299981595828,14.0367633218196,3.86010991350039,24.650949593722,9.69319371727749,13.7468598952203,6.00429319371728,7.01377170160886,0,0,0,0,0,0,0,0,0,0,0,51.2521587942374
